from,to,distance
14959,14630,0.770878
17802,18918,0.770859
17388,17546,0.770842
8998,7418,0.770842
1931,17511,0.770837
23451,23347,0.770832
24191,16613,0.770830
284,17655,0.770829
17269,16858,0.770763
16858,17269,0.770763
7876,21679,0.770746
18543,18360,0.770724
21924,21960,0.770706
19940,20611,0.770694
21662,21254,0.770684
23764,1148,0.770676
4759,21749,0.770672
17427,18779,0.770662
22805,14000,0.770651
10376,11489,0.770633
23718,18861,0.770628
9150,21473,0.770618
21473,9150,0.770618
8074,20460,0.770594
1719,9130,0.770594
1913,18286,0.770573
19307,6724,0.770553
14026,13261,0.770533
1232,17405,0.770525
6835,18080,0.770490
3997,17980,0.770465
19657,1115,0.770447
2599,10035,0.770415
8178,7180,0.770403
24039,20495,0.770399
4092,598,0.770361
17663,17903,0.770346
1197,19742,0.770345
20742,6466,0.770330
17251,18118,0.770316
7685,3860,0.770307
7321,19130,0.770302
24022,20030,0.770298
8393,5497,0.770274
7526,1191,0.770265
7161,1875,0.770234
18666,17512,0.770220
5887,7171,0.770218
3936,2711,0.770196
16971,18016,0.770195
4780,8547,0.770183
10650,10297,0.770163
8635,21688,0.770152
21688,8635,0.770152
21354,8742,0.770137
16960,1865,0.770123
22471,17628,0.770122
20749,5355,0.770111
18590,17649,0.770106
17649,18590,0.770106
6093,9332,0.770102
19328,20575,0.770084
4330,17673,0.770062
16719,18217,0.770059
9336,6606,0.770044
17765,17507,0.770043
1293,3682,0.770036
6034,18295,0.770029
7850,6705,0.770019
827,21428,0.770002
17404,6844,0.770002
17642,1679,0.769960
9171,743,0.769950
13170,11918,0.769941
21491,8429,0.769938
3688,18510,0.769847
18510,3688,0.769847
5503,16998,0.769802
16998,5503,0.769802
20382,19193,0.769798
23647,6063,0.769792
8494,7419,0.769789
2248,9358,0.769784
11376,235,0.769752
19383,3101,0.769740
5290,7517,0.769713
7082,12535,0.769690
8051,20905,0.769679
1605,7806,0.769669
8212,8875,0.769633
21764,21671,0.769629
14033,20355,0.769618
20319,8828,0.769550
6140,3385,0.769526
9514,11394,0.769488
23804,18431,0.769478
24270,794,0.769474
8051,5142,0.769463
2652,19037,0.769459
1756,316,0.769452
13409,4372,0.769429
14063,11791,0.769397
8274,7698,0.769394
18155,16944,0.769393
23784,7034,0.769392
24226,18549,0.769389
13369,4052,0.769334
682,1116,0.769329
14832,13455,0.769317
15556,16200,0.769308
20437,346,0.769303
1534,7040,0.769283
17319,17200,0.769267
499,10727,0.769247
19674,19768,0.769232
7634,8750,0.769225
6295,16431,0.769216
17121,3231,0.769192
10128,5594,0.769187
9509,9916,0.769176
7581,8750,0.769163
7082,14595,0.769085
8708,9190,0.769049
9190,8708,0.769049
17483,16878,0.769039
1541,8849,0.769031
2906,4391,0.769015
3558,8142,0.769011
6346,23904,0.769011
1657,17387,0.768976
12136,17801,0.768973
6002,1366,0.768956
328,22696,0.768952
4950,7980,0.768949
9094,19148,0.768947
4284,17568,0.768935
17568,4284,0.768935
24108,19976,0.768932
5080,24297,0.768929
1053,9516,0.768926
11216,21895,0.768921
23726,17173,0.768916
1218,739,0.768912
22178,21878,0.768883
9034,1978,0.768871
8080,9376,0.768860
18101,17963,0.768860
10136,22151,0.768815
23804,1305,0.768795
11981,24045,0.768795
10370,1315,0.768775
11371,10410,0.768774
10410,11371,0.768774
18899,17720,0.768756
23831,2164,0.768755
19659,4250,0.768737
7383,21339,0.768725
16738,17732,0.768721
10368,10748,0.768696
7581,9310,0.768694
23738,6189,0.768686
9315,21744,0.768682
3703,17302,0.768681
23561,4445,0.768679
7327,8750,0.768677
24309,23933,0.768655
14531,6540,0.768651
24173,1621,0.768622
24115,20972,0.768609
17204,16837,0.768608
22699,3715,0.768596
2391,1630,0.768583
19271,2288,0.768564
2288,19271,0.768564
1899,1320,0.768521
7802,1479,0.768510
24115,4074,0.768492
9881,22177,0.768468
9040,21371,0.768448
20504,9271,0.768445
12032,17768,0.768445
19978,20165,0.768444
17120,18060,0.768444
9466,4780,0.768419
4780,9466,0.768419
19549,5459,0.768412
8367,1978,0.768401
6220,3379,0.768388
24009,20586,0.768388
8484,987,0.768383
3430,8812,0.768378
5178,15149,0.768351
2922,16895,0.768329
7455,9090,0.768276
9206,7575,0.768247
9210,9215,0.768245
19865,3339,0.768234
7342,1284,0.768233
17556,22393,0.768224
15639,13137,0.768175
9299,8102,0.768172
18007,17700,0.768153
9019,21142,0.768117
22178,21841,0.768089
18702,6068,0.768079
9393,598,0.768074
23464,1155,0.768057
18576,17493,0.768056
4872,17773,0.768044
17969,17280,0.768035
11498,138,0.768030
18294,190,0.767994
22416,16799,0.767984
21525,9490,0.767950
8393,21622,0.767938
2258,828,0.767938
16114,14563,0.767938
16885,2585,0.767937
19129,6519,0.767936
654,9899,0.767930
5684,9388,0.767921
7618,5577,0.767920
820,15092,0.767883
3735,19730,0.767875
18827,5206,0.767869
19317,24188,0.767862
20075,19540,0.767857
4482,11692,0.767857
5435,21287,0.767852
14010,11830,0.767823
16802,18548,0.767811
20899,20463,0.767802
6425,24161,0.767777
21777,3669,0.767772
22456,11840,0.767745
1231,5611,0.767734
15215,22375,0.767726
18891,5430,0.767700
18759,6897,0.767689
22065,5447,0.767683
707,9270,0.767662
12171,12680,0.767647
12680,12171,0.767647
17078,6615,0.767624
21502,8168,0.767618
22699,6568,0.767590
20128,19482,0.767582
8466,8889,0.767580
22802,15864,0.767579
2611,8449,0.767575
12055,13793,0.767572
734,22013,0.767565
12032,5114,0.767555
1931,18851,0.767530
8708,6073,0.767524
23414,18291,0.767484
23561,4576,0.767475
17731,23830,0.767441
5827,1453,0.767434
13796,9259,0.767405
21611,9460,0.767388
19394,23951,0.767387
14531,15570,0.767337
6978,7782,0.767336
23738,3231,0.767314
23403,471,0.767304
23704,5084,0.767216
21555,9460,0.767175
7142,17476,0.767156
17287,1949,0.767155
6607,17289,0.767150
9199,21627,0.767146
2584,3643,0.767145
7005,20090,0.767125
7884,21472,0.767119
18891,5282,0.767119
2215,3036,0.767110
22595,4376,0.767057
4961,16998,0.767026
11434,5542,0.767018
3781,18002,0.766930
17038,23718,0.766916
19802,19593,0.766897
19400,19593,0.766880
5962,7472,0.766867
21555,7782,0.766854
4359,5689,0.766830
7457,6748,0.766820
10930,22139,0.766781
6985,9090,0.766763
9033,1514,0.766759
16834,17052,0.766741
17052,16834,0.766741
7350,655,0.766715
777,13504,0.766707
18403,16725,0.766676
18265,16998,0.766644
4066,14802,0.766640
10376,9761,0.766610
2327,23617,0.766603
19457,903,0.766597
1644,5105,0.766547
19474,24051,0.766544
8147,1465,0.766519
4839,15373,0.766505
21927,7156,0.766472
5031,14885,0.766469
18729,3872,0.766462
19802,19172,0.766382
8668,3509,0.766362
7925,21489,0.766353
12065,13903,0.766340
18567,16719,0.766320
17531,7276,0.766263
9171,5576,0.766258
20749,20405,0.766210
4290,7397,0.766210
8477,1978,0.766200
11029,9548,0.766184
12136,6783,0.766174
20747,20437,0.766127
20437,20747,0.766127
12680,13824,0.766084
8197,3509,0.766083
16901,18124,0.766048
14063,6228,0.766047
19474,20487,0.766044
4872,17201,0.766020
499,222,0.766000
20128,19869,0.765964
18647,17225,0.765953
21468,19448,0.765935
19074,20761,0.765922
8212,21746,0.765920
7964,9427,0.765920
16877,17190,0.765915
2595,21055,0.765900
2717,9283,0.765886
21634,21484,0.765879
6052,8292,0.765873
21614,9249,0.765803
17110,18403,0.765797
23420,17657,0.765765
19328,598,0.765760
8385,8824,0.765760
20800,5855,0.765757
14279,1894,0.765683
7360,15751,0.765680
20162,20891,0.765669
16690,17611,0.765643
18250,23766,0.765638
17684,23593,0.765606
23405,3199,0.765579
3199,23405,0.765579
707,9239,0.765556
16147,13868,0.765554
21146,267,0.765544
24278,23950,0.765528
7136,24148,0.765524
19520,7236,0.765471
9433,8705,0.765470
9058,20744,0.765468
8560,19398,0.765467
181,9454,0.765463
5812,20485,0.765456
2723,8840,0.765427
9094,20781,0.765421
4110,5641,0.765391
9383,8379,0.765351
10425,3647,0.765328
6052,1502,0.765318
18141,17918,0.765291
5795,10390,0.765285
18759,18876,0.765282
10914,10744,0.765269
18086,16924,0.765256
17129,7659,0.765252
17447,3443,0.765219
19728,18634,0.765204
8833,8913,0.765204
8444,21388,0.765148
18590,18070,0.765148
2354,417,0.765141
9337,4826,0.765093
1826,5902,0.765081
17723,18436,0.765080
19991,20084,0.765054
7680,7041,0.765039
12955,13671,0.765004
5031,4312,0.764967
17388,17608,0.764929
5962,7859,0.764926
23424,22595,0.764920
21074,20364,0.764919
6507,7756,0.764912
3688,16938,0.764898
1326,4446,0.764896
19722,19848,0.764873
877,624,0.764869
18666,6765,0.764855
17846,5084,0.764854
1193,16489,0.764814
8494,8918,0.764758
18007,1865,0.764755
7685,8289,0.764742
13381,17067,0.764727
23778,17490,0.764690
8958,9241,0.764688
11150,22191,0.764639
6003,443,0.764614
21074,19544,0.764572
18531,17615,0.764568
7841,779,0.764510
8227,8808,0.764496
20324,3040,0.764478
23651,23666,0.764471
22747,10559,0.764470
6312,6529,0.764464
7813,7930,0.764461
7930,7813,0.764461
18378,2183,0.764378
4958,21632,0.764374
14751,14259,0.764371
3513,17238,0.764371
17238,3513,0.764371
1259,18727,0.764353
9074,9373,0.764346
20568,19876,0.764324
1193,12200,0.764290
4482,21781,0.764250
2607,6842,0.764243
9098,8721,0.764162
3583,21396,0.764117
8706,8126,0.764076
23531,5796,0.764063
19099,21026,0.764015
20319,20753,0.763970
10281,5106,0.763950
23472,4915,0.763937
8763,9320,0.763920
6268,8917,0.763904
2887,20465,0.763901
19526,23913,0.763872
3661,18286,0.763871
8345,21574,0.763867
18702,5764,0.763849
6471,5582,0.763847
777,6712,0.763716
12657,2930,0.763703
10647,4374,0.763686
5574,13471,0.763672
7230,17349,0.763668
8995,21562,0.763637
9014,8634,0.763607
18425,16922,0.763579
10650,512,0.763563
5812,23982,0.763540
1780,19986,0.763536
14751,18697,0.763531
13430,16436,0.763514
21567,21490,0.763496
11751,10620,0.763479
3207,8379,0.763479
2354,3001,0.763457
21368,2391,0.763451
21558,7615,0.763426
10281,10037,0.763397
20791,20084,0.763396
9416,3558,0.763387
17875,6063,0.763385
11754,10115,0.763375
10115,11754,0.763375
2471,7979,0.763325
2675,19974,0.763288
10370,1626,0.763274
6268,21574,0.763271
8467,11258,0.763258
7589,21640,0.763231
8515,2910,0.763210
9308,13835,0.763193
21395,8283,0.763193
23477,17617,0.763164
11163,22167,0.763161
23403,3845,0.763158
3845,23403,0.763158
9497,9741,0.763130
17601,21640,0.763128
19865,18634,0.763125
6648,7527,0.763117
182,21767,0.763091
22080,4320,0.763040
23446,1684,0.763009
17776,17571,0.762963
10914,5542,0.762962
4700,1783,0.762939
182,9024,0.762929
5718,17507,0.762928
1480,15097,0.762903
9220,7667,0.762892
2920,6274,0.762885
8320,5108,0.762866
9511,21996,0.762846
22575,13684,0.762815
9874,9575,0.762810
12871,6565,0.762781
8777,3609,0.762731
12055,13685,0.762715
16147,1166,0.762696
8560,3050,0.762687
2488,24114,0.762685
8007,16555,0.762662
7201,19962,0.762645
19962,7201,0.762645
8254,3682,0.762639
8170,8082,0.762628
8467,11607,0.762558
8902,6093,0.762527
12451,11037,0.762493
4322,8146,0.762482
3671,19440,0.762424
6728,23486,0.762348
23486,6728,0.762348
2327,23639,0.762333
7876,8851,0.762328
2158,19468,0.762328
21508,19761,0.762296
21012,20937,0.762282
17565,18242,0.762282
3781,18100,0.762240
3671,7544,0.762232
21097,24114,0.762227
19534,20905,0.762227
23444,16151,0.762224
8496,8529,0.762107
9199,3805,0.762083
17749,3703,0.762074
20923,19951,0.762053
9977,10656,0.762050
8147,8187,0.762039
7626,7932,0.762027
20458,19177,0.762026
23486,771,0.762022
17371,20393,0.762001
7136,9418,0.761996
20334,23865,0.761995
13883,5541,0.761993
7626,3220,0.761986
19868,20829,0.761974
21467,20243,0.761969
30,18398,0.761960
18398,30,0.761960
18051,17451,0.761927
1780,20907,0.761907
20287,5308,0.761903
18567,18810,0.761875
24278,1653,0.761827
23663,17967,0.761821
6251,857,0.761805
8052,5360,0.761694
5360,8052,0.761694
20237,24155,0.761683
4660,21030,0.761680
21308,19313,0.761669
21432,728,0.761664
21468,2957,0.761641
7882,1739,0.761623
21404,2042,0.761620
721,16734,0.761600
18519,12617,0.761569
22131,3278,0.761552
11761,10744,0.761531
17876,17307,0.761531
12171,13928,0.761528
8197,7998,0.761466
6006,4366,0.761452
3326,16885,0.761448
19534,20082,0.761433
7224,21575,0.761419
19271,3952,0.761414
3936,959,0.761412
21454,9410,0.761400
9410,21454,0.761400
18817,3165,0.761394
6773,7925,0.761361
7925,6773,0.761361
23514,17939,0.761360
11222,22209,0.761355
20125,20655,0.761231
20568,20831,0.761226
5426,8682,0.761222
17232,17817,0.761220
17817,17232,0.761220
3833,4420,0.761178
15533,19489,0.761170
15362,17447,0.761142
23326,17450,0.761129
20324,20701,0.761092
14671,22784,0.761087
23514,4971,0.761084
8551,7635,0.761067
9426,2543,0.761055
8371,2612,0.761054
23675,13342,0.761049
7032,9423,0.761043
10351,6271,0.761006
9697,11069,0.760977
11069,9697,0.760977
17392,3661,0.760955
6512,18932,0.760954
17045,7142,0.760899
7130,9462,0.760895
22002,19656,0.760813
2908,10620,0.760785
17937,18567,0.760780
15503,14537,0.760749
8781,9360,0.760741
20791,19799,0.760741
17843,6746,0.760729
9629,3108,0.760696
2681,21402,0.760691
8777,8918,0.760679
3440,8074,0.760672
17814,2213,0.760637
6874,1106,0.760588
18456,16703,0.760545
12314,4345,0.760473
17586,3632,0.760455
3632,17586,0.760455
23503,23624,0.760452
24173,1101,0.760437
3594,20223,0.760402
24029,5677,0.760394
16076,4590,0.760386
10351,10895,0.760384
8793,4950,0.760371
7901,21468,0.760355
8364,3639,0.760353
3430,7442,0.760329
13635,1564,0.760318
7661,8306,0.760316
9096,9477,0.760314
16890,17838,0.760300
16076,4721,0.760299
24009,20057,0.760298
22122,9931,0.760294
8305,8714,0.760284
7589,1460,0.760237
21674,7551,0.760175
226,11512,0.760170
3190,3944,0.760152
8567,19994,0.760148
7439,6548,0.760131
6548,7439,0.760131
3983,22043,0.760096
9511,10926,0.760083
6734,2332,0.760040
12657,2567,0.760027
17204,18230,0.760005
8805,9158,0.760002
12328,7258,0.759981
17026,3960,0.759948
3842,17203,0.759929
21829,21858,0.759884
3186,9218,0.759854
18556,17615,0.759847
9383,21522,0.759833
16870,16998,0.759752
14235,15306,0.759752
17482,18505,0.759738
18505,17482,0.759738
17721,17911,0.759719
18893,17944,0.759702
63,2032,0.759674
8764,8457,0.759673
20923,6257,0.759665
18214,12115,0.759597
8995,8574,0.759583
2814,19974,0.759576
23336,17099,0.759530
17185,7188,0.759517
7735,3848,0.759492
18456,17031,0.759467
9442,8345,0.759447
8345,9442,0.759447
10647,1775,0.759431
3411,17843,0.759426
11675,1315,0.759397
8577,4806,0.759378
1097,12728,0.759378
9299,19644,0.759367
63,23505,0.759358
11340,6624,0.759261
6624,11340,0.759261
1097,12891,0.759246
20158,6915,0.759219
21704,8208,0.759216
2352,20138,0.759208
8257,8852,0.759177
16618,22308,0.759155
4008,18916,0.759150
22142,19814,0.759099
8671,3682,0.759074
21246,19805,0.759050
21058,8259,0.759050
18893,3364,0.759024
14705,22717,0.758996
2258,2577,0.758990
4227,6774,0.758987
15924,23089,0.758986
6933,12047,0.758967
8381,1719,0.758878
3429,7980,0.758853
7616,23752,0.758809
1611,16890,0.758807
18483,18177,0.758806
18101,18729,0.758783
1758,8478,0.758772
8478,1758,0.758772
2709,21517,0.758757
8706,21611,0.758752
20340,246,0.758720
8287,4183,0.758708
17048,4681,0.758659
21619,9026,0.758656
7021,15405,0.758628
9593,4740,0.758622
9217,21343,0.758588
17764,17980,0.758527
7350,8481,0.758480
17591,884,0.758465
884,17591,0.758465
8310,8691,0.758464
17875,23663,0.758457
18863,23351,0.758455
832,8658,0.758451
4846,6798,0.758433
5654,24332,0.758427
7348,8840,0.758417
20971,24161,0.758390
2650,17677,0.758368
8138,8065,0.758359
12956,162,0.758341
22805,1001,0.758262
1416,17239,0.758256
1416,3405,0.758256
9033,7739,0.758254
13213,20497,0.758246
18863,17000,0.758229
9337,999,0.758118
21409,8824,0.758089
8482,21216,0.758089
8241,8777,0.758079
22617,18500,0.758073
5531,8480,0.758055
14162,22435,0.758031
5865,18282,0.758023
16820,18115,0.758022
7654,8123,0.757998
21182,20237,0.757987
20237,21182,0.757987
9150,7413,0.757972
7554,19133,0.757951
21783,10879,0.757945
13851,5088,0.757934
3699,14403,0.757923
8998,7695,0.757909
6526,4586,0.757880
22270,13479,0.757871
7311,8554,0.757870
20454,19066,0.757846
16618,15400,0.757814
18099,18310,0.757784
3482,20729,0.757776
23518,17718,0.757762
15533,3612,0.757739
24029,19781,0.757714
16996,325,0.757701
23725,23459,0.757698
17893,18871,0.757689
18875,17038,0.757676
20125,1897,0.757673
7408,3675,0.757667
4290,8673,0.757627
6526,9427,0.757626
6990,18581,0.757610
18581,6990,0.757610
6362,7980,0.757598
8669,6854,0.757572
6406,8078,0.757522
14608,21599,0.757509
3533,17479,0.757490
20394,19650,0.757479
1756,21244,0.757477
19129,217,0.757469
3326,23776,0.757466
379,17821,0.757457
7735,3805,0.757404
20158,18051,0.757360
2709,9186,0.757341
12871,5728,0.757316
17123,4800,0.757315
17287,16917,0.757307
6734,7356,0.757305
23726,17143,0.757303
18378,16719,0.757168
832,2957,0.757163
10823,10739,0.757157
18227,18757,0.757151
8545,3476,0.757112
23455,17937,0.757100
10186,10263,0.757043
11652,9978,0.757017
1103,3107,0.757000
8747,6052,0.756974
1992,8251,0.756965
20156,3347,0.756933
9468,2310,0.756930
14991,19059,0.756925
21454,9036,0.756924
9036,21454,0.756924
7801,4522,0.756918
4227,3243,0.756901
9426,21453,0.756868
820,15213,0.756846
4007,18401,0.756812
18145,3043,0.756798
16711,16772,0.756757
10139,22073,0.756744
18705,4379,0.756712
23447,3872,0.756710
5263,17963,0.756664
9089,8320,0.756658
16820,2359,0.756651
1197,2913,0.756616
18696,18378,0.756586
23878,21033,0.756558
9089,9272,0.756553
8206,6804,0.756533
4625,1279,0.756498
17892,18060,0.756476
10734,9659,0.756421
8680,7821,0.756401
7333,7761,0.756398
8594,5211,0.756309
7348,7909,0.756308
5328,18252,0.756286
19940,6950,0.756271
10407,9943,0.756232
21704,8181,0.756228
10139,11620,0.756222
6948,7310,0.756193
17516,6810,0.756187
5325,21527,0.756115
17483,18516,0.756077
2131,3513,0.756074
22080,10309,0.756062
10377,10215,0.756028
2887,21308,0.756020
18214,18273,0.755942
4846,20993,0.755908
7021,15717,0.755907
23551,18240,0.755882
10437,4414,0.755870
6003,7787,0.755843
19945,8412,0.755768
20162,1349,0.755761
651,7332,0.755752
9631,10589,0.755694
11371,2608,0.755672
1103,471,0.755644
19746,24258,0.755622
6648,9239,0.755567
8498,8570,0.755502
15545,12782,0.755488
17740,16908,0.755405
9061,7575,0.755395
8444,21016,0.755387
2450,21575,0.755338
17058,17009,0.755336
7809,9135,0.755300
22122,10783,0.755283
18834,6935,0.755263
13603,13116,0.755256
23654,422,0.755251
422,23654,0.755251
734,11502,0.755245
682,19464,0.755217
22833,20134,0.755208
8188,6705,0.755200
5788,3343,0.755121
2651,16936,0.755083
7321,21317,0.755031
7094,21647,0.755025
17770,3405,0.754993
17770,17239,0.754993
3440,21553,0.754982
4932,4759,0.754978
14608,8047,0.754953
12956,7310,0.754950
5771,5045,0.754943
23016,16362,0.754933
6874,9673,0.754924
17063,17238,0.754917
8354,21669,0.754885
9874,11723,0.754868
1004,12749,0.754811
23455,17823,0.754811
20884,7995,0.754810
22833,360,0.754801
14774,16076,0.754764
17255,23379,0.754646
22416,3246,0.754631
18001,23591,0.754546
23591,18001,0.754546
23926,1442,0.754474
155,11838,0.754398
384,9061,0.754240
9061,384,0.754240
21510,384,0.754238
384,21510,0.754238
21409,8385,0.754227
17121,6897,0.754126
18193,9341,0.754107
10365,2550,0.754102
4476,12672,0.754078
8496,8644,0.754053
11919,20424,0.754049
14160,7169,0.754029
17660,23510,0.753880
4939,8644,0.753819
6034,17396,0.753817
21832,10396,0.753814
18069,1064,0.753809
18813,17570,0.753806
5525,893,0.753796
17749,23734,0.753762
6607,5391,0.753757
22944,13515,0.753755
21502,8020,0.753727
8020,21502,0.753727
23518,18693,0.753692
3953,11933,0.753690
17096,18843,0.753651
13423,21914,0.753623
22659,13578,0.753591
295,862,0.753576
17333,3405,0.753557
9096,6311,0.753534
4700,1080,0.753427
2929,2007,0.753404
4315,21036,0.753354
24152,2459,0.753315
16969,23825,0.753302
16726,16710,0.753299
181,21451,0.753289
17660,1187,0.753270
7654,5094,0.753235
5094,7654,0.753235
6435,1785,0.753200
17371,1167,0.753166
19746,19535,0.753166
1909,4092,0.753150
7666,9442,0.753137
9442,7666,0.753137
18340,4929,0.753136
194,951,0.753130
23603,17048,0.753076
5887,8735,0.753057
17015,18041,0.753049
21537,539,0.753042
1346,16917,0.752979
23995,10297,0.752940
17110,4118,0.752936
3482,15767,0.752904
8823,9303,0.752889
513,23390,0.752846
20884,2097,0.752841
17137,23624,0.752781
8577,2332,0.752781
5628,23165,0.752771
9040,3570,0.752767
17319,16813,0.752736
9029,8385,0.752668
14034,13414,0.752613
17991,653,0.752610
6312,8314,0.752576
23016,12780,0.752557
10327,2599,0.752547
2486,4537,0.752496
8977,999,0.752486
22227,4187,0.752452
24152,20690,0.752449
4635,15429,0.752445
1909,2985,0.752325
8778,9334,0.752318
17284,1135,0.752305
1346,12577,0.752304
4019,4166,0.752214
7801,21343,0.752200
17837,17387,0.752184
21368,7668,0.752157
13600,18315,0.752032
18899,769,0.752008
2471,4025,0.751937
8965,21341,0.751935
9085,4806,0.751926
20394,21068,0.751895
9085,8334,0.751840
9797,1133,0.751825
8241,8083,0.751812
17516,18885,0.751745
422,17615,0.751711
9010,21654,0.751690
22545,3472,0.751689
9219,9114,0.751684
18533,4008,0.751639
6771,21932,0.751630
2053,3208,0.751618
5178,16389,0.751591
22002,11040,0.751587
7959,2985,0.751565
4193,4250,0.751499
17045,17476,0.751470
19218,280,0.751463
18660,3165,0.751449
301,3446,0.751415
6336,344,0.751402
3459,3513,0.751388
8764,7909,0.751383
7861,19457,0.751370
10930,6737,0.751358
6737,10930,0.751358
17298,3165,0.751350
7618,2677,0.751335
17180,23708,0.751329
8920,8514,0.751320
12320,5980,0.751278
19090,1525,0.751273
23808,18240,0.751241
3692,17287,0.751202
2053,16825,0.751200
7825,5257,0.751191
9468,2910,0.751179
20458,20970,0.751176
17697,18195,0.751165
8680,21742,0.751139
15803,20853,0.751111
8255,7902,0.751094
7825,19114,0.750985
504,17832,0.750976
8040,8856,0.750760
19218,19060,0.750739
21515,9131,0.750730
17180,6689,0.750730
9635,1014,0.750710
6825,5788,0.750691
5788,6825,0.750691
8367,8772,0.750674
17058,15420,0.750659
17477,3436,0.750656
7930,535,0.750654
4498,6897,0.750643
234,8320,0.750621
18556,16932,0.750604
8440,8691,0.750499
20698,3000,0.750492
3699,15373,0.750412
9850,11054,0.750369
20287,5739,0.750363
340,19567,0.750355
19637,19926,0.750326
606,23970,0.750260
7890,9437,0.750245
5946,7876,0.750233
18467,1023,0.750216
17900,17903,0.750193
10628,7189,0.750133
16884,2948,0.750106
7622,8035,0.750058
8035,7622,0.750058
4127,8691,0.750054
10608,1246,0.750035
7666,7327,0.750017
6346,24068,0.749902
16689,3654,0.749868
21182,19396,0.749848
1136,10767,0.749750
13358,17555,0.749713
18577,23624,0.749682
9246,8123,0.749672
6894,21632,0.749671
17721,3522,0.749664
7094,6739,0.749643
2064,887,0.749530
7896,21502,0.749515
7768,9330,0.749511
7755,7545,0.749493
18625,284,0.749472
284,18625,0.749472
12270,3152,0.749457
11719,22237,0.749417
17432,18553,0.749407
581,599,0.749399
17517,17240,0.749382
7861,20762,0.749357
21761,24260,0.749344
23647,17110,0.749326
23548,18620,0.749293
16738,7495,0.749281
21393,7764,0.749272
8140,21137,0.749270
1083,17811,0.749259
18813,23573,0.749247
11903,9953,0.749233
3912,10912,0.749216
10912,3912,0.749216
4587,18576,0.749132
8659,2662,0.749105
11754,6898,0.749057
22542,7144,0.749052
18049,18724,0.749025
11074,5398,0.749021
654,2226,0.749001
20204,6396,0.748884
9246,8398,0.748745
18022,17995,0.748733
16897,1113,0.748720
340,19709,0.748669
3503,2226,0.748661
9500,4419,0.748646
6771,9494,0.748646
14774,15530,0.748622
23674,18051,0.748494
8267,7413,0.748468
17291,17233,0.748448
4981,7789,0.748396
9035,617,0.748358
18398,18403,0.748344
1257,4209,0.748235
4029,8467,0.748232
7616,18091,0.748229
18597,22416,0.748162
2942,1241,0.748153
4104,24243,0.748140
18340,18316,0.748120
9254,21438,0.748044
12320,14140,0.748028
23360,18628,0.748014
7489,3598,0.747991
16726,6888,0.747955
7590,21642,0.747880
18669,4284,0.747872
17964,23369,0.747866
21515,8498,0.747865
18896,5832,0.747865
5832,18896,0.747865
4864,17431,0.747837
18519,11813,0.747793
1673,5009,0.747779
7960,9423,0.747777
7832,7616,0.747742
14700,23153,0.747741
10189,287,0.747730
8257,7188,0.747707
9099,9238,0.747661
7489,7440,0.747622
17362,4446,0.747615
23326,16948,0.747605
7960,8819,0.747590
513,1067,0.747540
23400,17624,0.747535
3804,23385,0.747523
8659,21514,0.747498
23356,3694,0.747433
19722,19059,0.747422
17846,18854,0.747392
17026,23680,0.747369
8244,8615,0.747356
7959,8917,0.747329
9057,9216,0.747318
21027,24114,0.747295
8408,9476,0.747222
13302,12173,0.747199
21497,8671,0.747195
4011,11311,0.747176
18227,5378,0.747157
5928,5236,0.747141
15803,23311,0.747008
9154,8095,0.746991
8095,9154,0.746991
8099,7387,0.746982
7333,8455,0.746977
4535,17663,0.746974
18206,6133,0.746971
16797,16786,0.746967
9374,3030,0.746917
9254,589,0.746905
8535,21668,0.746899
558,1223,0.746888
1223,558,0.746888
4177,9131,0.746881
20454,19864,0.746881
18660,18194,0.746823
22542,22360,0.746816
7598,7357,0.746759
6220,3257,0.746734
7358,8502,0.746702
4864,18864,0.746669
17087,18729,0.746667
7755,21750,0.746653
23336,20328,0.746640
8240,20843,0.746618
21655,19861,0.746604
7832,18594,0.746574
731,13185,0.746570
1257,4185,0.746547
13883,324,0.746541
11619,21925,0.746526
18334,18502,0.746521
2651,7212,0.746455
19025,24122,0.746438
15362,14560,0.746335
1317,4110,0.746270
852,7847,0.746195
11377,10026,0.746170
16969,18093,0.746098
18148,17780,0.746091
4796,5727,0.746037
17991,2159,0.746025
16940,314,0.746005
18743,15575,0.746005
2798,923,0.745998
250,2073,0.745934
18334,17985,0.745851
18061,17155,0.745845
21927,11603,0.745838
2512,6413,0.745831
7605,9460,0.745831
15639,11891,0.745827
7358,2080,0.745751
6773,12450,0.745686
18919,18128,0.745678
18128,18919,0.745678
17517,18822,0.745647
16847,21350,0.745614
18099,5796,0.745584
455,8083,0.745518
21748,6406,0.745465
17282,18896,0.745428
18896,17282,0.745428
21027,529,0.745410
8723,9169,0.745402
7286,21290,0.745305
16783,17038,0.745298
20283,24219,0.745290
12629,14118,0.745232
8535,1465,0.745190
10437,11516,0.745138
651,7556,0.745130
8461,533,0.745096
155,13483,0.745095
6280,4594,0.745095
4594,6280,0.745095
18770,4172,0.745003
4228,19659,0.744975
5372,2022,0.744923
4387,8861,0.744911
20641,23971,0.744857
3293,1978,0.744846
194,18131,0.744827
18743,18732,0.744808
14046,19671,0.744757
18333,7161,0.744717
18206,6602,0.744716
9593,10786,0.744692
16859,19868,0.744681
16940,4297,0.744665
11276,9935,0.744654
4796,9139,0.744639
21688,19659,0.744596
8482,21554,0.744585
7598,8292,0.744524
7534,947,0.744458
21832,10212,0.744367
1886,14439,0.744360
5946,2543,0.744317
9416,8660,0.744311
4678,11515,0.744293
4127,7416,0.744288
21058,6924,0.744279
22747,21657,0.744258
13302,12807,0.744118
10115,10547,0.744113
2512,7564,0.744101
301,5236,0.744099
6251,17496,0.744098
16835,17898,0.744051
12314,72,0.743960
7641,7316,0.743921
16808,1038,0.743849
1038,16808,0.743849
17282,5832,0.743830
5832,17282,0.743830
7500,4298,0.743818
12270,6851,0.743701
23446,9608,0.743687
7882,21574,0.743633
17336,648,0.743631
11109,4679,0.743620
4848,23807,0.743615
7641,7976,0.743569
1584,21182,0.743555
21078,20530,0.743551
16986,23487,0.743517
5986,2053,0.743471
8364,8609,0.743411
20985,20682,0.743350
21829,6713,0.743250
6727,12648,0.743212
12648,6727,0.743212
17482,18817,0.743210
2942,2985,0.743115
10186,22047,0.743112
6544,16167,0.742988
8140,6798,0.742974
18840,12762,0.742892
606,10966,0.742878
6737,21933,0.742859
1584,4235,0.742831
8461,21756,0.742820
22061,4374,0.742743
9190,4780,0.742723
5372,9899,0.742710
7341,8510,0.742691
21460,20708,0.742679
22305,19638,0.742638
1396,11470,0.742631
11579,106,0.742628
7483,20682,0.742617
18825,17804,0.742585
19360,19573,0.742570
9029,21409,0.742564
1673,3148,0.742547
9154,5426,0.742540
18597,16799,0.742504
7483,8259,0.742478
7915,2323,0.742288
19990,20761,0.742243
18022,1145,0.742217
7649,2891,0.742179
6117,4748,0.742141
7230,16986,0.742107
11222,1769,0.742002
8177,8615,0.741976
11719,11588,0.741960
17795,5503,0.741953
8914,8580,0.741898
4625,6809,0.741869
2261,6145,0.741857
295,5672,0.741846
19990,20565,0.741827
6428,2615,0.741800
23674,13600,0.741754
13600,23674,0.741754
20698,19138,0.741693
4932,21659,0.741663
3503,5212,0.741619
21467,7599,0.741591
15020,14644,0.741572
7605,1978,0.741566
7590,7673,0.741498
3804,7016,0.741488
8310,8126,0.741486
1802,3724,0.741447
16718,17889,0.741430
12812,1668,0.741340
13927,13674,0.741328
3203,15747,0.741318
16797,23573,0.741260
4981,8566,0.741200
23404,16998,0.741180
258,17472,0.741163
14160,12577,0.741155
1802,17893,0.741126
12640,3040,0.741109
17817,17507,0.741095
6428,23757,0.741036
17362,23368,0.740875
17897,18054,0.740809
8030,8026,0.740741
23399,17966,0.740720
4535,23531,0.740605
7224,5586,0.740579
8555,7762,0.740566
19728,6655,0.740516
7411,2717,0.740514
13927,12336,0.740494
8523,7483,0.740480
19566,20518,0.740447
8030,5696,0.740431
6635,22151,0.740401
8876,7869,0.740374
23651,2520,0.740367
8354,8123,0.740334
9098,7980,0.740249
4051,3945,0.740235
23225,23263,0.740227
8286,2341,0.740195
21537,20573,0.740185
3533,18057,0.740179
8305,1811,0.740160
20133,6109,0.740081
7619,9332,0.740038
8401,8805,0.740022
7813,4586,0.739948
515,8310,0.739934
7486,8566,0.739785
19203,19518,0.739768
3721,20854,0.739662
14033,20669,0.739521
8298,23839,0.739498
19645,24203,0.739480
23706,17162,0.739461
18673,23326,0.739424
19203,20914,0.739419
11619,6231,0.739386
1541,8181,0.739372
69,16299,0.739283
17972,17373,0.739275
17526,18340,0.739230
1364,2957,0.739229
5094,2717,0.739215
855,16971,0.739126
17586,18855,0.739117
8440,959,0.739074
22617,2198,0.739009
20340,4147,0.738999
3983,261,0.738976
23585,3781,0.738920
16853,7161,0.738850
12014,996,0.738842
996,12014,0.738842
23444,17688,0.738793
5531,7594,0.738766
7344,1719,0.738762
6645,8828,0.738755
5708,17922,0.738755
4838,6933,0.738721
6933,4838,0.738721
23926,1026,0.738675
10685,11362,0.738665
8286,7737,0.738653
18105,17219,0.738647
2706,20454,0.738504
69,9933,0.738448
10823,4374,0.738442
9057,9075,0.738432
18049,4308,0.738421
9074,7467,0.738245
18419,16992,0.738217
604,17591,0.738122
8802,9162,0.738106
21761,1983,0.738027
8371,8344,0.737982
1004,12804,0.737949
16652,2622,0.737920
6432,10902,0.737896
21173,14492,0.737884
8267,8144,0.737878
8441,1739,0.737865
1617,1223,0.737854
8010,5053,0.737839
4340,10921,0.737804
2261,21047,0.737688
20822,6915,0.737602
8010,21352,0.737550
21473,7413,0.737531
17627,17978,0.737523
1879,23355,0.737473
3203,18274,0.737457
18770,18401,0.737435
23995,1915,0.737394
14034,12986,0.737341
5080,24146,0.737323
3820,18435,0.737251
18479,19108,0.737232
7032,7850,0.737072
8793,5933,0.737064
16897,18650,0.737016
23407,16962,0.737015
21558,8473,0.736993
23778,12158,0.736947
23407,18601,0.736793
8095,21704,0.736721
6894,2577,0.736692
17684,17937,0.736689
8006,8767,0.736682
16956,18580,0.736623
8782,9205,0.736593
18887,314,0.736557
22545,2212,0.736433
2646,20694,0.736388
6560,9428,0.736260
17087,17387,0.736219
18220,12847,0.736217
3820,18207,0.736154
18827,23592,0.736129
558,23923,0.736127
16847,20884,0.736086
23095,23020,0.736067
1535,6055,0.736049
5070,12229,0.736045
12229,5070,0.736045
5525,4522,0.736042
10157,948,0.736040
515,24025,0.735917
3692,17931,0.735915
8802,7719,0.735858
6548,8385,0.735776
3617,11481,0.735760
9645,10792,0.735718
4007,23791,0.735603
22768,12649,0.735592
7346,1978,0.735592
14046,19724,0.735574
17779,16786,0.735550
2546,16834,0.735521
23679,18616,0.735494
20985,21066,0.735432
9645,3546,0.735381
18128,23679,0.735210
18015,3513,0.735199
22383,2615,0.735193
5718,5554,0.735122
17568,771,0.735109
22305,14038,0.735076
14038,22305,0.735076
20822,20983,0.735036
9059,7605,0.734905
8958,3544,0.734898
22131,13115,0.734871
8888,9423,0.734798
11109,9999,0.734644
19520,3140,0.734639
17710,18714,0.734632
18669,17840,0.734573
8765,19545,0.734564
2675,19258,0.734557
3227,7957,0.734536
9255,3135,0.734477
8298,7488,0.734460
21538,384,0.734420
23325,7174,0.734397
9122,8478,0.734373
9077,10203,0.734325
3293,7378,0.734321
7344,23974,0.734294
1879,17329,0.734204
7619,9193,0.734103
16628,16151,0.734050
18167,18527,0.734038
4437,17876,0.734017
11671,106,0.733936
6435,9154,0.733916
1364,3874,0.733819
9010,1961,0.733752
20133,19145,0.733689
8244,9011,0.733573
9059,959,0.733559
6011,23726,0.733519
17477,11311,0.733496
4939,8496,0.733462
11104,10505,0.733439
8240,5901,0.733319
23585,23687,0.733244
581,16873,0.733242
8177,2181,0.733176
19065,817,0.733063
8765,8919,0.733019
7809,3609,0.733001
18825,23704,0.732998
23704,18825,0.732998
16941,16924,0.732980
7127,17026,0.732973
9099,8281,0.732968
1758,7961,0.732968
427,4923,0.732963
8466,21614,0.732962
12054,5223,0.732958
20250,5160,0.732897
17907,13752,0.732758
23360,18405,0.732690
23535,24093,0.732647
17775,23666,0.732566
18336,18800,0.732492
8035,23542,0.732480
6948,21765,0.732450
20174,24080,0.732404
2646,19265,0.732318
8782,21349,0.732304
17740,15285,0.732304
9058,21561,0.732258
5827,2856,0.732149
12054,5959,0.732133
8555,3005,0.732121
16125,15999,0.732090
1856,7493,0.732050
2429,4063,0.731977
17812,16924,0.731942
3227,9165,0.731914
7127,6281,0.731894
16125,15468,0.731878
17465,3531,0.731871
10685,13625,0.731828
6825,3343,0.731722
6815,9021,0.731561
23654,19834,0.731480
18412,20885,0.731475
2798,3933,0.731307
12293,6307,0.731216
13603,13434,0.731202
9605,7114,0.731140
16835,18086,0.731130
18152,6773,0.731116
17972,19567,0.731113
7669,8488,0.731084
18630,18504,0.731037
21416,21063,0.731010
8381,4950,0.730987
22855,14786,0.730944
22855,7297,0.730888
7346,7986,0.730781
23569,6897,0.730763
19945,4185,0.730739
9255,2351,0.730608
22483,5353,0.730602
12955,22346,0.730587
6515,49,0.730576
10314,22066,0.730531
17232,16788,0.730476
6545,7980,0.730417
20204,19621,0.730355
14190,2521,0.730341
22037,21843,0.730307
8631,9240,0.730286
9240,8631,0.730286
18220,1513,0.730260
11579,14991,0.730144
18166,17241,0.730082
21727,1903,0.730046
7411,7455,0.729631
7439,7316,0.729552
2429,4483,0.729450
6198,16703,0.729349
11104,22066,0.729192
6515,7690,0.729150
2614,16926,0.729093
4011,19552,0.729081
234,22850,0.729049
16805,23591,0.729029
6441,14620,0.728948
8888,8473,0.728932
4848,335,0.728893
884,17876,0.728843
1535,5845,0.728768
19025,21251,0.728476
7486,7126,0.728415
16933,18039,0.728285
5844,8481,0.728177
1617,16444,0.728152
21904,3815,0.728112
21538,8805,0.728112
21736,9461,0.728083
3178,21741,0.727913
5134,17043,0.727907
17964,23330,0.727868
21416,1584,0.727686
8965,8478,0.727653
23551,16954,0.727630
6262,19861,0.727619
6336,3120,0.727478
4719,1315,0.727472
17839,4846,0.727403
7915,7572,0.727391
18630,3326,0.727302
1657,17476,0.727302
9230,8415,0.727176
23400,17304,0.727053
18333,16908,0.726999
7883,24039,0.726957
20813,3779,0.726775
12424,12566,0.726768
12566,12424,0.726768
16559,16151,0.726606
21904,11027,0.726604
1613,7821,0.726525
8422,11430,0.726503
17812,16835,0.726499
12812,8352,0.726481
18625,17655,0.726418
4437,604,0.726328
17900,7142,0.726294
14234,12413,0.726196
3186,598,0.726146
6545,9442,0.726122
23356,18386,0.726111
24225,19006,0.725975
19645,6002,0.725900
1183,817,0.725891
18691,23593,0.725856
17913,18759,0.725851
7341,9434,0.725823
11671,22043,0.725775
9210,8316,0.725766
8635,6932,0.725731
17795,23411,0.725725
23411,17795,0.725725
6839,10238,0.725695
21609,3159,0.725665
20813,20362,0.725607
5882,4417,0.725599
23682,16834,0.725591
18428,18057,0.725585
9837,13883,0.725490
8420,8807,0.725463
6815,21094,0.725290
17779,5764,0.725273
3617,11241,0.725232
17765,17817,0.725230
7201,1374,0.725174
10608,6162,0.725173
8723,9427,0.725164
23411,17483,0.725137
12831,6948,0.725124
20283,6510,0.725057
9157,3440,0.724962
2489,20074,0.724962
11145,11441,0.724934
5134,23326,0.724924
22343,22304,0.724883
12293,15639,0.724699
9157,9462,0.724641
16964,17894,0.724584
3178,7855,0.724463
14234,15955,0.724462
17290,17110,0.724461
19065,6655,0.724458
537,9370,0.724396
7661,8297,0.724393
17892,5360,0.724247
7899,7574,0.724236
8538,3936,0.724167
10407,11047,0.724149
3154,1254,0.724065
7471,2752,0.724028
7471,8613,0.723976
6758,10587,0.723886
9182,7742,0.723833
20174,20587,0.723756
6198,209,0.723674
21783,2868,0.723543
23582,4839,0.723519
1304,384,0.723514
9230,8750,0.723482
2074,17936,0.723476
12640,20701,0.723472
877,23805,0.723472
18428,17219,0.723381
7622,19115,0.723324
18539,17528,0.723321
10776,10396,0.723219
18626,17765,0.723086
17526,5796,0.723035
6839,21262,0.723020
18015,17657,0.722949
12831,8264,0.722926
21365,4430,0.722823
18626,4535,0.722815
7011,21739,0.722789
8694,8977,0.722770
7011,8706,0.722740
21460,5815,0.722664
7968,20062,0.722558
10776,2525,0.722457
9191,9357,0.722441
21655,1716,0.722398
11276,11037,0.722270
8266,1241,0.722137
427,13391,0.721965
5844,9426,0.721921
1033,13226,0.721796
2489,21269,0.721668
2546,6063,0.721597
3296,18577,0.721578
7883,19994,0.721444
18479,5391,0.721416
537,4790,0.721387
17942,3231,0.721384
17523,18396,0.721352
6758,22046,0.721285
8006,8805,0.721277
10506,2550,0.721115
18539,18581,0.720948
17907,14082,0.720920
18507,3231,0.720920
11903,158,0.720907
23703,18265,0.720882
4961,18265,0.720813
17618,18540,0.720708
8188,1531,0.720686
21737,2955,0.720626
15131,1018,0.720590
1317,9146,0.720581
12181,12795,0.720483
7342,8272,0.720483
3778,11001,0.720423
6560,8747,0.720367
4838,5133,0.720259
5133,4838,0.720259
15020,15818,0.720250
18412,21246,0.720236
23535,7609,0.720147
17618,18396,0.720039
8594,8403,0.719993
14038,19638,0.719871
16559,4238,0.719845
18152,6319,0.719826
23682,23789,0.719687
21730,11981,0.719685
17589,18405,0.719538
3429,8833,0.719375
21736,8706,0.719375
17589,16944,0.719202
4340,1741,0.719156
1880,8985,0.719024
14567,22694,0.718900
18105,476,0.718867
14671,22709,0.718797
16870,5503,0.718771
5882,8307,0.718565
18571,1673,0.718414
16783,1416,0.718256
11145,5795,0.718246
18689,669,0.718074
9314,394,0.717797
8694,7625,0.717459
23095,4929,0.717418
8538,6183,0.717396
18462,18825,0.717266
1022,9215,0.717222
11781,1051,0.717113
2814,2675,0.717002
18679,23789,0.716817
18419,23728,0.716794
823,5705,0.716751
24225,20530,0.716706
1396,3799,0.716613
17096,17204,0.716498
12181,13833,0.716448
21609,7827,0.716401
23569,23814,0.716383
16652,11060,0.716318
8778,19664,0.716191
18350,16719,0.716183
21737,21341,0.716102
16718,17171,0.716055
17747,22393,0.715857
23452,4065,0.715812
2269,6886,0.715780
19958,10297,0.715635
22019,1814,0.715622
17278,18793,0.715386
17857,4848,0.715295
16964,17870,0.715211
17919,17132,0.715069
1056,7499,0.715011
6262,15533,0.714794
8814,443,0.714556
20978,19298,0.714513
13900,15954,0.714444
1304,8218,0.714418
11007,2536,0.714282
852,7958,0.714207
13900,13067,0.714196
21576,5365,0.714167
7304,2764,0.714126
1420,7127,0.713991
1886,1361,0.713922
3898,16209,0.713850
21078,20245,0.713730
21365,8691,0.713698
4077,17558,0.713643
17558,4077,0.713643
226,8188,0.713511
17509,18652,0.713489
18840,16151,0.713437
18167,18539,0.713041
527,16712,0.713017
17290,23687,0.712937
17913,18001,0.712845
9797,1877,0.712835
17919,1103,0.712824
7968,5449,0.712674
1109,9036,0.712670
1537,5503,0.712632
23703,17961,0.712618
2074,6133,0.712608
19566,1722,0.712574
998,7238,0.712524
16853,16908,0.712521
11652,3110,0.712517
19889,24278,0.712451
7760,7399,0.712370
11007,11570,0.712365
11570,11007,0.712365
18077,70,0.712175
1139,20859,0.712171
4470,7789,0.711976
17523,17939,0.711907
14988,13246,0.711906
3721,929,0.711865
16628,18080,0.711672
7899,7708,0.711591
1183,7101,0.711554
21708,7676,0.711469
17131,18597,0.711454
21708,21575,0.711347
1056,21484,0.711200
2614,18576,0.711022
9415,614,0.711002
18338,22694,0.710800
7304,7895,0.710536
9015,21614,0.710516
1852,455,0.710509
11069,9865,0.710445
7890,8965,0.710361
8189,20833,0.710326
22037,14162,0.710308
1109,6846,0.710173
1613,125,0.709879
19889,3744,0.709865
18462,624,0.709844
23808,17223,0.709809
1900,7219,0.709735
9466,21685,0.709632
7303,1317,0.709567
16689,16750,0.709228
823,13344,0.709213
18201,19363,0.709114
4231,4228,0.708972
5631,17290,0.708945
21701,4399,0.708698
1339,7455,0.708590
20978,24122,0.708538
7688,4837,0.708440
8128,8976,0.708369
8976,8128,0.708369
5070,12435,0.708112
12435,5070,0.708112
6011,16924,0.708094
2526,19728,0.707558
1852,21611,0.707420
21173,22443,0.707407
8814,4209,0.707318
4077,18492,0.707312
17441,17262,0.707072
1022,9210,0.706938
22019,9653,0.706699
4104,8575,0.706617
23515,2948,0.706356
4587,16926,0.706354
18458,16797,0.706321
7760,8073,0.706305
5535,9428,0.706087
1339,18261,0.705989
8700,9396,0.705958
1880,6551,0.705869
7087,4800,0.705860
13206,12480,0.705811
18571,18702,0.705777
3154,16944,0.705733
3421,8091,0.705596
17558,5267,0.705528
13761,13603,0.705512
21748,4759,0.705499
4122,7902,0.705425
21701,7496,0.705385
10944,2469,0.705377
18689,6968,0.705299
5535,8272,0.705119
12424,21374,0.705076
21727,5797,0.704736
6280,8235,0.704669
17853,7142,0.704645
6536,18937,0.704460
18201,19865,0.704417
21730,154,0.704386
21433,21343,0.704307
1090,20668,0.704244
17278,12323,0.703991
1900,18403,0.703962
1962,18403,0.703961
5631,17743,0.703957
11781,7283,0.703878
4097,3945,0.703831
17187,6897,0.703604
9500,9629,0.703596
23582,18745,0.703518
9191,20153,0.703490
4097,5191,0.703366
23801,3231,0.703358
17853,17615,0.703051
11570,21783,0.703034
19360,21278,0.702994
1792,4159,0.702923
18529,18265,0.702802
2801,17132,0.702729
16875,20158,0.702595
18679,18310,0.702575
20035,8124,0.702511
2855,2115,0.702497
18077,18769,0.702487
17839,8140,0.702435
18505,18817,0.702425
4785,17262,0.702220
6990,17963,0.702157
5708,18626,0.702120
2269,20137,0.701923
17103,16954,0.701901
15131,23099,0.701850
17775,17451,0.701740
18170,4297,0.701706
866,8288,0.701605
4678,5,0.701570
2526,5766,0.701547
17857,5134,0.701515
21576,24051,0.701498
19958,22092,0.701495
9697,11555,0.701461
16752,23564,0.701411
13761,13434,0.701313
18338,17484,0.701174
6536,17933,0.701144
5328,23591,0.701141
18467,23436,0.700801
8700,7342,0.700783
6694,17279,0.700576
16685,20257,0.700538
793,2760,0.700466
10944,10475,0.700426
23325,18166,0.700216
1139,19306,0.700080
22768,17998,0.700064
17998,22768,0.700064
527,17731,0.699864
13844,5830,0.699825
16941,6914,0.699820
1214,6265,0.699818
8189,4085,0.699717
4757,9036,0.699708
4594,6295,0.699690
16808,18735,0.699362
8422,9218,0.699358
17187,18458,0.699035
18458,17187,0.699035
9294,4430,0.698982
16685,1886,0.698973
9294,7541,0.698930
16909,17517,0.698922
9415,21494,0.698284
21494,9415,0.698284
3778,10488,0.698205
5986,23095,0.698084
8776,3936,0.698032
14190,14011,0.698024
13844,247,0.698010
1962,6274,0.697943
18380,17241,0.697786
17602,18481,0.697636
14567,18793,0.697125
16752,13431,0.697034
6117,21558,0.696768
4470,12424,0.696754
4925,7625,0.696736
1090,9542,0.696636
1674,6948,0.696493
23350,18206,0.696053
7688,7770,0.695748
10649,11276,0.695713
10912,9935,0.695660
9837,11207,0.695569
20263,8597,0.695553
4925,6435,0.695529
855,17055,0.695501
23515,3672,0.695498
14988,2871,0.695462
17668,7814,0.695401
7087,2885,0.695317
12822,22483,0.695286
4231,20837,0.695135
3212,8447,0.694982
10649,11229,0.694978
23801,23738,0.694844
18712,23713,0.694610
23713,18712,0.694610
3421,9056,0.694492
12026,22679,0.694399
20263,8476,0.694396
3296,23418,0.694062
16909,604,0.693966
18444,17770,0.693652
21433,21624,0.693525
23484,17491,0.693485
3212,9111,0.693371
10927,9696,0.693262
18170,23561,0.693151
11277,6713,0.692899
11277,22491,0.692853
22491,11277,0.692853
9077,10488,0.692665
793,1995,0.692443
22333,12812,0.692323
23484,2489,0.692229
23713,1038,0.692191
17602,3131,0.691737
22333,18743,0.691662
23655,16933,0.691601
5377,18752,0.691531
20035,6656,0.691407
18380,17937,0.691347
18507,22312,0.690659
1420,23680,0.690499
16773,17932,0.690323
6709,23764,0.690220
21825,11589,0.690119
11536,10507,0.690001
998,3367,0.689812
4346,793,0.689676
3898,18166,0.689583
17703,17691,0.689525
17691,17703,0.689525
7175,7380,0.689498
17089,16944,0.689272
6694,17624,0.689188
12566,20682,0.689103
23827,17903,0.689042
7584,13796,0.688832
11536,10745,0.688737
23655,18696,0.688717
22565,22802,0.688527
23827,17663,0.688420
10927,92,0.687959
16997,10912,0.687914
10189,11470,0.687862
6399,8985,0.687854
4757,9410,0.687680
8761,7551,0.687462
19229,3721,0.687271
12435,17058,0.687219
12131,21269,0.687137
1256,21285,0.687023
18444,7142,0.686939
19229,20324,0.686864
6253,2706,0.686841
16773,17684,0.686726
866,2655,0.686372
9728,9828,0.686088
23354,23484,0.685673
6326,16870,0.685592
13441,13431,0.685565
9728,6018,0.685188
9723,9629,0.685132
16875,16705,0.685062
7935,21182,0.684801
13678,5070,0.684729
8128,5586,0.684725
12083,7144,0.684644
12131,24317,0.684635
7606,3134,0.684414
5377,18652,0.684380
12648,12451,0.684355
1792,20095,0.684256
1256,21176,0.683964
12083,13761,0.683934
6253,9440,0.683823
1674,2614,0.683761
17691,17405,0.683739
9314,21435,0.683623
1214,9111,0.683542
11263,11754,0.683392
18866,3364,0.683316
2801,18316,0.683115
13678,12435,0.683045
6441,16087,0.682755
1096,6307,0.682637
2990,4284,0.682578
1875,17837,0.682463
23350,17862,0.682459
7935,1584,0.682251
14077,3899,0.681869
17406,17876,0.681795
8000,8631,0.681780
8631,8000,0.681780
21494,9240,0.681288
8761,7572,0.681020
13111,20840,0.680985
18208,17918,0.680848
2855,15323,0.680679
1689,23484,0.680569
7752,21761,0.680144
12523,12451,0.680007
4397,1611,0.679836
23523,17933,0.679688
11263,4678,0.679623
8776,4110,0.679603
12026,12300,0.679480
17899,23325,0.678269
13441,14017,0.678236
17406,6326,0.678106
6326,17406,0.678106
18905,4765,0.677988
11963,10823,0.677775
12229,12023,0.677400
7752,7583,0.677337
7584,335,0.677293
13206,11813,0.676579
18208,18729,0.676208
18503,18928,0.675928
4233,648,0.675720
18712,17913,0.675456
12822,18220,0.675420
742,19578,0.675282
3904,19576,0.675268
6709,2585,0.674304
7303,6362,0.674031
23399,18140,0.673988
14077,6189,0.673531
23401,23452,0.673193
22491,13883,0.673191
1875,19848,0.673188
9723,11160,0.673015
6399,8384,0.672834
9733,3235,0.672798
18463,1069,0.672779
19721,4748,0.672027
11963,6422,0.671684
8642,4110,0.671381
17103,3326,0.670686
8642,1317,0.670564
6081,16805,0.670335
18866,1416,0.670311
18463,21074,0.670190
6238,23675,0.669923
11067,11515,0.669803
23354,16854,0.669801
22409,18444,0.669202
6081,18876,0.669188
12523,9935,0.669186
17089,6775,0.668779
4233,16805,0.668250
3754,16719,0.668234
8266,8625,0.668096
23523,18463,0.667949
17703,23401,0.667562
23401,17703,0.667562
11029,1099,0.667488
1096,12293,0.667364
18529,4274,0.666700
3904,19616,0.665906
18503,18864,0.665885
2990,16685,0.665872
17668,19261,0.665767
17998,18712,0.665589
4363,10649,0.665462
4397,17785,0.665122
22727,10689,0.664947
18223,2464,0.664867
8174,20351,0.664791
2921,4077,0.664649
17416,17131,0.664419
14048,5345,0.664339
16989,731,0.663045
22409,3326,0.662876
8000,9130,0.662465
18223,1326,0.662389
6249,7079,0.662314
13143,4580,0.662126
742,705,0.661880
10632,2616,0.660897
2616,10632,0.660897
7175,19227,0.660888
7549,21737,0.660507
6249,5565,0.660209
7872,8515,0.660125
10632,6517,0.659886
14048,2183,0.659732
13111,19616,0.659575
22565,18612,0.659411
10383,742,0.659047
8174,8826,0.658893
16920,18099,0.658408
16920,23405,0.657488
7549,8594,0.657394
6959,4846,0.657108
3754,17265,0.656785
18905,15019,0.655863
17906,18571,0.655244
16795,4236,0.654416
2921,1416,0.654356
18271,8091,0.654018
17491,17673,0.653875
10380,11074,0.653834
17491,18462,0.652956
7151,3194,0.652772
6238,11877,0.652619
18271,18380,0.652417
7872,7814,0.652239
7606,21687,0.651952
11823,22435,0.651758
9733,3651,0.651487
10383,11667,0.651365
10380,5398,0.650816
4148,14038,0.650652
18153,18328,0.649746
12014,12804,0.649642
4346,3754,0.649268
23596,18673,0.649160
23596,1326,0.647850
11067,7606,0.647415
1537,3754,0.646379
7229,9417,0.645898
17227,23713,0.645616
21784,22080,0.645539
1689,6325,0.644770
22727,10389,0.644407
13143,10393,0.643197
6959,11671,0.643140
17982,17851,0.642237
7229,21528,0.641854
17982,1913,0.641602
10313,5788,0.641448
7151,22727,0.640262
4148,18530,0.639976
1748,17038,0.639503
13560,22545,0.639102
16795,19781,0.639033
11823,11719,0.638683
16989,5832,0.638348
16727,24225,0.636991
996,12714,0.636926
17416,5788,0.636742
21437,9015,0.636163
8976,6560,0.634916
11132,18571,0.634436
18030,16997,0.633364
18153,6056,0.632063
17906,18702,0.632012
4562,23551,0.631684
23622,17270,0.631567
12142,3096,0.630760
18030,23399,0.630341
12736,12451,0.628495
17727,17952,0.627610
23622,2584,0.626889
21784,11671,0.625928
2051,7731,0.625685
12736,11276,0.625557
19721,8973,0.625225
21437,9240,0.624376
1000,2908,0.624153
9185,9146,0.623786
17899,3898,0.623553
1000,9629,0.622696
23430,20742,0.622247
5133,18770,0.619186
17047,2711,0.617892
13560,1611,0.617620
12142,21583,0.616388
11132,18735,0.615927
16727,18216,0.615051
12932,18378,0.614313
18867,9185,0.614077
9185,18867,0.614077
17047,14190,0.613926
2051,23877,0.613359
11125,18271,0.613298
17727,17757,0.612688
18867,9240,0.612665
17428,8224,0.611032
23430,1259,0.610086
4562,422,0.609543
11895,18378,0.609257
17227,17998,0.609215
12932,16998,0.606311
17428,5165,0.606213
1748,16783,0.605721
10313,11600,0.603585
12929,1689,0.599269
12929,7151,0.599044
18407,23566,0.597439
3857,11211,0.595308
18407,17483,0.594768
23380,17404,0.593015
13508,19657,0.591134
11895,23452,0.586149
5610,18217,0.585129
13508,24022,0.581705
11199,12047,0.581651
3857,13883,0.577893
17665,18271,0.576101
17665,23452,0.575717
23380,18030,0.574950
11199,5353,0.572098
3153,2651,0.569277
13299,23537,0.567783
13299,22746,0.566179
3153,11938,0.565069
6160,8180,0.563091
4363,18712,0.562202
5610,20472,0.557971
21711,11145,0.556649
6160,3009,0.550496
21711,1584,0.545657
23536,18571,0.543647
23536,11067,0.540514
23389,9733,0.536976
4655,731,0.525364
23389,16997,0.521116
4655,10313,0.514799
23349,8496,0.460949
23349,3264,0.449800
6473,2922,0.388782
6473,1486,0.379686
